timestamp,user_id,event_type,game_name,bet_amount,win_amount,device,country
2025-06-03 12:47:49,77-19/46,bet_placed,poker,14,0,mobile,SE
2025-06-03 20:29:34,92-33/48,bet_placed,poker,53,0,desktop,EE
2025-06-03 15:45:48,67-51/24,game_start,poker,0,0,desktop,EE
2025-06-04 02:51:30,88-55/15,bet_result,blackjack,0,0,desktop,LT
2025-06-03 22:25:49,33-95/13,bet_result,baccarat,0,0,tablet,SE
2025-06-03 15:32:21,68-83/30,bet_result,slots,0,0,mobile,SE
2025-06-04 02:31:31,96-69/43,game_start,poker,0,0,mobile,FI
2025-06-03 10:04:56,44-96/03,game_end,poker,0,0,desktop,LV
2025-06-04 00:36:30,40-32/73,game_start,slots,0,0,mobile,LT
2025-06-03 21:19:48,32-39/08,bet_result,slots,0,0,mobile,SE
2025-06-04 02:29:54,79-36/04,bet_placed,baccarat,82,0,tablet,LV
2025-06-03 17:54:12,28-07/70,game_start,blackjack,0,0,desktop,SE
2025-06-03 20:53:37,24-39/54,bet_result,poker,0,0,desktop,EE
2025-06-03 07:46:22,47-04/40,bet_result,slots,0,0,tablet,LV
2025-06-04 05:06:16,47-22/47,bet_result,baccarat,0,0,desktop,LV
2025-06-04 02:17:14,97-67/78,game_start,poker,0,0,mobile,SE
2025-06-04 02:39:55,95-52/02,game_start,slots,0,0,tablet,EE
2025-06-03 17:54:21,56-78/90,bet_placed,blackjack,120,0,mobile,FI
2025-06-03 06:56:03,05-47/87,bet_placed,roulette,11,0,tablet,SE
2025-06-03 05:14:09,53-34/75,bet_result,baccarat,0,0,desktop,EE
2025-06-04 01:32:48,45-68/72,bet_result,baccarat,0,0,tablet,FI
2025-06-03 10:31:56,40-15/22,bet_result,blackjack,0,0,desktop,FI
2025-06-03 08:21:59,57-33/04,bet_placed,slots,146,0,desktop,SE
2025-06-03 20:12:50,04-81/46,game_start,blackjack,0,0,mobile,LT
2025-06-03 19:01:01,85-19/98,bet_result,poker,0,0,mobile,LV
2025-06-03 17:04:30,80-29/55,game_start,slots,0,0,desktop,SE
2025-06-03 22:08:59,27-23/87,game_end,poker,0,0,tablet,SE
2025-06-03 05:12:22,69-12/64,game_start,roulette,0,0,tablet,LT
2025-06-03 12:12:27,19-35/78,bet_placed,poker,49,0,tablet,LT
2025-06-03 07:19:35,76-93/44,game_start,roulette,0,0,desktop,LV
2025-06-03 12:36:38,11-14/64,bet_result,blackjack,0,0,tablet,LT
2025-06-03 08:13:07,11-67/72,game_end,poker,0,0,mobile,LT
2025-06-03 14:04:42,07-76/62,bet_placed,poker,165,0,desktop,LV
2025-06-03 12:59:37,98-47/86,game_end,slots,0,0,mobile,LT
2025-06-04 03:00:42,66-36/16,bet_result,blackjack,0,0,mobile,LV
2025-06-03 13:20:55,38-77/88,bet_placed,roulette,193,0,desktop,LT
2025-06-03 10:20:17,00-58/12,bet_result,slots,0,0,mobile,LT
2025-06-04 00:25:33,01-32/16,bet_placed,blackjack,86,0,mobile,LV
2025-06-04 03:29:29,57-79/84,game_start,baccarat,0,0,mobile,EE
2025-06-03 13:12:48,88-73/04,game_end,slots,0,0,desktop,EE
2025-06-03 14:19:01,15-41/54,bet_placed,blackjack,16,0,desktop,EE
2025-06-03 22:17:51,77-03/29,bet_result,slots,0,0,tablet,EE
2025-06-03 12:11:48,61-03/34,bet_placed,roulette,133,0,desktop,LV
2025-06-03 15:28:12,40-30/64,game_start,poker,0,0,mobile,EE
2025-06-03 11:48:18,87-48/82,bet_placed,roulette,120,0,tablet,SE
2025-06-03 12:27:00,75-60/18,game_end,poker,0,0,tablet,EE
2025-06-03 11:47:29,40-61/10,bet_placed,slots,102,0,tablet,EE
2025-06-03 13:01:41,51-98/65,bet_placed,baccarat,153,0,mobile,LT
2025-06-03 05:36:29,13-27/88,bet_placed,baccarat,39,0,desktop,LT
2025-06-04 00:20:00,66-75/68,game_start,roulette,0,0,tablet,LT
2025-06-03 11:12:52,37-50/74,bet_result,blackjack,0,0,desktop,FI
2025-06-04 04:30:12,05-88/97,game_start,blackjack,0,0,tablet,LT
2025-06-03 13:26:44,02-01/05,bet_result,poker,0,0,tablet,FI
2025-06-04 03:46:59,28-09/13,game_start,baccarat,0,0,tablet,LV
2025-06-03 23:52:03,60-33/76,game_end,poker,0,0,tablet,SE
2025-06-03 20:31:56,32-04/46,game_end,baccarat,0,0,desktop,SE
2025-06-03 05:34:13,51-83/23,game_end,poker,0,0,tablet,LT
2025-06-03 23:33:30,84-57/85,game_end,blackjack,0,0,tablet,LV
2025-06-03 07:36:54,24-19/58,bet_placed,baccarat,37,0,tablet,EE
2025-06-03 05:07:08,67-19/38,bet_placed,baccarat,189,0,tablet,SE
2025-06-03 08:12:39,42-83/58,game_end,baccarat,0,0,tablet,SE
2025-06-03 20:58:36,08-76/93,game_start,roulette,0,0,mobile,SE
2025-06-03 21:20:28,05-30/83,game_end,baccarat,0,0,mobile,EE
2025-06-03 11:59:19,95-46/92,bet_placed,baccarat,20,0,mobile,LV
2025-06-03 23:20:57,77-72/56,game_start,slots,0,0,tablet,LT
2025-06-03 13:06:00,70-77/87,game_end,roulette,0,0,desktop,LV
2025-06-04 01:58:26,65-86/10,game_end,slots,0,0,tablet,EE
2025-06-04 00:21:21,61-70/25,bet_placed,baccarat,49,0,desktop,FI
2025-06-03 22:44:11,81-98/60,game_end,baccarat,0,0,desktop,LV
2025-06-03 18:23:16,87-64/76,game_start,blackjack,0,0,tablet,EE
2025-06-03 21:17:45,58-79/31,game_end,roulette,0,0,mobile,EE
2025-06-03 09:04:59,88-10/20,bet_result,baccarat,0,0,mobile,LV
2025-06-03 07:55:07,31-65/59,game_end,slots,0,0,mobile,SE
2025-06-03 23:11:04,44-13/13,game_end,blackjack,0,0,desktop,LV
2025-06-03 14:32:36,11-44/62,game_start,roulette,0,0,tablet,SE
2025-06-03 16:41:40,01-71/94,bet_result,roulette,0,0,tablet,FI
2025-06-04 01:17:56,28-41/01,bet_placed,poker,139,0,mobile,LV
2025-06-03 18:12:08,90-13/28,bet_placed,slots,17,0,tablet,EE
2025-06-03 11:26:56,09-54/83,bet_placed,poker,31,0,mobile,SE
2025-06-03 08:17:51,41-64/66,game_start,blackjack,0,0,desktop,LV
2025-06-03 15:41:10,88-94/36,game_start,poker,0,0,tablet,LT
2025-06-03 05:47:08,16-22/83,bet_placed,roulette,14,0,mobile,FI
2025-06-03 22:14:46,84-33/19,game_end,roulette,0,0,tablet,LV
2025-06-03 11:37:48,37-09/37,game_start,baccarat,0,0,mobile,SE
2025-06-03 13:16:59,43-29/51,game_end,roulette,0,0,tablet,FI
2025-06-04 03:05:18,10-27/35,game_start,roulette,0,0,mobile,LT
2025-06-04 01:53:52,24-28/39,game_end,blackjack,0,0,tablet,LV
2025-06-04 04:47:16,10-67/88,game_start,poker,0,0,mobile,EE
2025-06-04 00:07:24,72-97/54,bet_placed,baccarat,172,0,mobile,LT
2025-06-03 20:06:25,61-49/54,game_end,slots,0,0,desktop,EE
2025-06-04 00:48:48,27-26/11,game_start,poker,0,0,desktop,EE
2025-06-03 06:48:11,38-01/70,bet_result,baccarat,0,0,desktop,LT
2025-06-03 15:10:41,73-39/63,bet_placed,roulette,186,0,desktop,EE
2025-06-03 17:01:34,63-68/36,game_start,blackjack,0,0,mobile,LT
2025-06-03 11:47:18,17-39/12,bet_placed,blackjack,103,0,mobile,LV
2025-06-03 12:45:02,63-55/00,bet_result,poker,0,0,mobile,LT
2025-06-03 11:06:13,44-36/06,game_end,blackjack,0,0,desktop,SE
2025-06-04 01:05:57,86-39/40,bet_result,slots,0,0,desktop,EE
2025-06-04 04:21:32,81-86/27,game_start,slots,0,0,desktop,SE
2025-06-03 12:54:14,53-31/14,bet_placed,slots,194,0,mobile,LV
2025-06-03 06:28:30,97-58/20,bet_result,slots,0,0,desktop,FI
2025-06-03 22:51:58,85-59/49,bet_result,baccarat,0,0,desktop,SE
2025-06-03 22:29:57,48-96/89,game_end,roulette,0,0,tablet,FI
2025-06-04 01:48:17,16-67/25,game_start,roulette,0,0,mobile,LT
2025-06-03 05:15:08,84-95/19,bet_result,baccarat,0,0,desktop,LV
2025-06-03 21:56:59,16-72/54,bet_result,slots,0,0,desktop,SE
2025-06-04 05:00:21,90-47/23,bet_placed,baccarat,92,0,desktop,LV
2025-06-03 15:00:32,94-58/20,bet_result,roulette,0,0,tablet,LV
2025-06-03 06:24:53,02-72/41,bet_result,roulette,0,0,mobile,EE
2025-06-03 11:09:48,58-08/20,game_end,baccarat,0,0,mobile,LT
2025-06-03 05:25:59,06-25/24,game_end,blackjack,0,0,desktop,FI
2025-06-03 10:29:33,26-77/99,bet_placed,poker,46,0,desktop,SE
2025-06-03 05:18:44,16-50/42,bet_result,roulette,0,0,mobile,LT
2025-06-03 13:03:25,99-80/50,game_start,roulette,0,0,mobile,LT
2025-06-03 07:06:30,63-52/14,bet_result,roulette,0,0,desktop,LV
2025-06-04 01:18:05,75-83/44,game_end,slots,0,0,mobile,FI
2025-06-03 07:07:08,51-84/96,game_end,slots,0,0,desktop,EE
2025-06-03 21:48:31,24-23/46,bet_result,slots,0,0,mobile,LT
2025-06-03 22:42:59,04-57/39,bet_result,baccarat,0,0,desktop,LT
2025-06-03 17:34:51,14-10/61,bet_result,baccarat,0,0,mobile,SE
2025-06-04 04:21:24,96-37/00,game_end,slots,0,0,mobile,LT
2025-06-03 16:22:10,49-03/16,game_end,baccarat,0,0,tablet,LT
2025-06-03 05:35:06,34-04/83,game_end,poker,0,0,tablet,FI
2025-06-03 09:31:45,61-93/48,game_end,baccarat,0,0,desktop,LT
2025-06-03 19:26:55,98-26/80,bet_result,blackjack,0,0,desktop,FI
2025-06-04 01:18:44,60-65/71,bet_result,baccarat,0,0,mobile,LT
2025-06-03 22:07:49,15-67/48,game_end,roulette,0,0,tablet,SE
2025-06-03 11:35:34,86-04/95,game_end,blackjack,0,0,tablet,EE
2025-06-03 23:37:14,29-46/61,bet_placed,blackjack,122,0,tablet,EE
2025-06-03 12:28:42,54-60/24,bet_result,blackjack,0,0,tablet,EE
2025-06-03 17:21:04,45-68/14,game_end,poker,0,0,tablet,EE
2025-06-03 19:12:35,69-94/29,game_end,baccarat,0,0,mobile,EE
2025-06-04 04:43:40,34-08/52,game_end,roulette,0,0,desktop,SE
2025-06-03 09:19:23,63-04/28,bet_placed,roulette,170,0,desktop,LT
2025-06-03 17:19:22,10-93/69,bet_result,poker,0,0,mobile,LV
2025-06-03 17:53:59,66-35/53,game_end,blackjack,0,0,desktop,FI
2025-06-03 22:32:26,72-87/57,bet_placed,baccarat,81,0,desktop,FI
2025-06-03 16:20:12,18-63/02,bet_placed,slots,56,0,mobile,SE
2025-06-03 06:44:23,46-10/42,game_start,blackjack,0,0,desktop,LT
2025-06-04 03:53:45,47-64/30,bet_result,poker,0,0,mobile,FI
2025-06-03 09:20:54,58-94/78,bet_result,blackjack,0,0,desktop,SE
2025-06-03 15:01:39,38-96/97,bet_placed,slots,117,0,tablet,LT
2025-06-03 17:26:31,41-37/70,bet_result,slots,0,0,tablet,FI
2025-06-03 09:24:57,02-30/39,bet_placed,slots,59,0,desktop,SE
2025-06-03 12:28:00,81-44/99,bet_placed,blackjack,25,0,tablet,SE
2025-06-03 17:06:03,80-41/02,bet_result,poker,0,0,desktop,SE
2025-06-04 01:58:25,51-06/54,bet_placed,roulette,163,0,mobile,FI
2025-06-04 03:24:11,44-44/51,bet_result,blackjack,0,0,mobile,LV
2025-06-03 06:04:11,60-42/84,game_end,baccarat,0,0,tablet,FI
2025-06-03 18:17:15,09-45/90,bet_placed,baccarat,137,0,mobile,EE
2025-06-03 09:24:16,68-68/74,bet_placed,slots,194,0,tablet,SE
2025-06-04 02:42:26,93-89/76,bet_result,poker,0,0,tablet,SE
2025-06-03 23:03:32,58-49/41,game_start,blackjack,0,0,tablet,EE
2025-06-04 00:35:58,62-26/89,game_end,blackjack,0,0,mobile,FI
2025-06-04 00:35:39,67-40/22,game_end,poker,0,0,mobile,LV
2025-06-03 17:48:47,14-20/41,game_start,roulette,0,0,desktop,LV
2025-06-03 16:39:36,22-36/19,bet_placed,slots,113,0,desktop,LV
2025-06-03 07:46:44,09-83/22,game_end,roulette,0,0,desktop,LT
2025-06-03 17:46:44,42-82/22,bet_placed,slots,42,0,tablet,SE
2025-06-03 08:16:05,68-08/54,game_start,blackjack,0,0,tablet,SE
2025-06-03 23:22:23,90-25/60,bet_placed,blackjack,67,0,mobile,EE
2025-06-03 16:57:56,83-91/85,bet_placed,poker,17,0,mobile,EE
2025-06-03 07:11:16,40-76/91,game_start,blackjack,0,0,desktop,SE
2025-06-03 14:11:45,27-09/62,bet_placed,slots,181,0,tablet,FI
2025-06-03 05:12:36,01-32/19,game_start,blackjack,0,0,mobile,FI
2025-06-03 06:08:43,30-36/28,game_end,roulette,0,0,tablet,EE
2025-06-03 10:10:04,01-48/00,bet_result,baccarat,0,0,desktop,SE
2025-06-04 01:52:32,56-33/19,game_end,poker,0,0,desktop,SE
2025-06-03 19:49:54,25-39/03,game_end,blackjack,0,0,desktop,EE
2025-06-03 20:28:48,99-43/58,game_end,roulette,0,0,tablet,SE
2025-06-03 15:03:03,22-16/93,bet_result,slots,0,0,mobile,LT
2025-06-04 01:19:05,64-42/39,game_end,roulette,0,0,desktop,FI
2025-06-04 05:00:32,06-75/48,bet_placed,baccarat,76,0,desktop,EE
2025-06-03 10:07:12,72-64/93,bet_result,roulette,0,0,tablet,SE
2025-06-03 23:17:19,42-72/40,game_start,poker,0,0,mobile,LT
2025-06-03 17:43:29,34-45/94,game_start,slots,0,0,desktop,FI
2025-06-04 04:21:35,65-05/21,bet_placed,slots,158,0,desktop,LV
2025-06-03 15:34:14,14-00/04,bet_result,blackjack,0,0,desktop,SE
2025-06-03 11:19:38,83-33/02,bet_placed,baccarat,167,0,desktop,EE
2025-06-03 21:29:03,20-26/81,game_start,slots,0,0,tablet,LT
2025-06-03 18:47:23,76-33/59,bet_placed,poker,35,0,desktop,LV
2025-06-03 16:55:34,46-56/24,bet_result,roulette,0,0,tablet,LV
2025-06-03 09:45:38,41-96/40,game_start,baccarat,0,0,tablet,SE
2025-06-04 03:19:09,27-38/16,bet_placed,poker,65,0,tablet,EE
2025-06-03 21:50:54,54-57/08,bet_placed,roulette,65,0,desktop,EE
2025-06-03 10:41:55,74-87/28,game_start,blackjack,0,0,desktop,SE
2025-06-04 04:43:59,72-62/79,bet_placed,slots,110,0,tablet,EE
2025-06-03 19:46:22,10-73/23,bet_placed,poker,107,0,desktop,LT
2025-06-03 10:31:29,47-18/67,game_start,roulette,0,0,tablet,SE
2025-06-04 02:46:39,18-21/98,bet_placed,blackjack,120,0,tablet,SE
2025-06-03 16:09:16,97-05/33,bet_result,baccarat,0,0,tablet,SE
2025-06-03 15:22:14,14-96/39,game_end,slots,0,0,tablet,EE
2025-06-03 20:37:26,53-04/95,bet_result,blackjack,0,0,mobile,LV
2025-06-04 02:52:25,71-58/71,bet_result,baccarat,0,0,mobile,LT
2025-06-03 08:55:27,91-25/22,bet_placed,baccarat,146,0,desktop,LT
2025-06-03 17:44:03,10-08/03,game_start,poker,0,0,tablet,SE
2025-06-04 01:30:44,82-41/25,game_start,slots,0,0,mobile,LT
2025-06-03 21:20:39,04-34/97,game_start,roulette,0,0,tablet,SE
2025-06-03 15:13:50,96-63/76,bet_placed,poker,72,0,mobile,SE
2025-06-03 18:59:55,82-79/76,bet_placed,roulette,73,0,tablet,LT
2025-06-03 11:49:23,29-94/18,bet_result,slots,0,0,tablet,SE
2025-06-03 14:47:24,06-88/54,bet_result,roulette,0,0,desktop,FI
2025-06-03 13:48:30,91-79/39,game_start,roulette,0,0,tablet,SE
2025-06-03 07:39:56,04-53/74,game_end,slots,0,0,mobile,EE
2025-06-03 11:47:22,71-89/35,game_start,baccarat,0,0,mobile,EE
2025-06-03 11:55:55,87-68/04,bet_result,poker,0,0,tablet,LT
2025-06-03 12:07:22,05-42/66,bet_placed,poker,189,0,mobile,FI
2025-06-03 18:40:59,69-58/74,game_end,baccarat,0,0,mobile,LV
2025-06-03 22:44:40,08-46/15,bet_result,blackjack,0,0,tablet,LV
2025-06-03 16:54:22,48-81/84,bet_placed,blackjack,48,0,desktop,LV
2025-06-03 22:29:19,97-75/60,bet_result,baccarat,0,0,desktop,FI
2025-06-03 05:26:29,55-77/14,bet_result,baccarat,0,0,mobile,LV
2025-06-03 21:27:14,26-81/94,game_end,slots,0,0,mobile,LV
2025-06-04 01:21:45,50-25/00,bet_result,blackjack,0,0,mobile,LT
2025-06-03 17:55:39,29-73/31,game_start,slots,0,0,tablet,LT
2025-06-04 02:50:32,70-50/22,game_start,roulette,0,0,mobile,LV
2025-06-03 10:47:12,56-61/13,bet_result,roulette,0,0,desktop,FI
2025-06-03 17:12:21,83-31/93,game_end,baccarat,0,0,mobile,SE
2025-06-03 08:30:52,43-96/78,game_end,slots,0,0,mobile,SE
2025-06-03 15:04:57,73-17/18,game_start,baccarat,0,0,tablet,EE
2025-06-04 01:17:43,73-37/28,bet_result,poker,0,0,mobile,LV
2025-06-04 01:50:05,40-73/38,game_start,roulette,0,0,desktop,LT
2025-06-04 03:13:30,56-32/58,bet_result,baccarat,0,0,tablet,FI
2025-06-03 10:24:34,14-44/12,bet_placed,roulette,78,0,desktop,SE
2025-06-03 09:23:14,43-12/77,bet_result,baccarat,0,0,desktop,EE
2025-06-03 17:59:37,65-74/42,bet_placed,blackjack,82,0,desktop,SE
2025-06-04 03:04:28,37-41/23,bet_result,baccarat,0,0,tablet,EE
2025-06-04 02:15:58,34-02/03,game_start,poker,0,0,tablet,LV
2025-06-03 16:26:13,60-78/60,game_end,baccarat,0,0,tablet,LT
2025-06-03 14:06:13,43-12/16,game_start,slots,0,0,desktop,FI
2025-06-04 03:43:46,98-27/85,bet_placed,slots,195,0,mobile,EE
2025-06-03 15:11:33,06-87/59,bet_placed,blackjack,175,0,desktop,LT
2025-06-03 22:52:04,33-57/99,game_start,slots,0,0,tablet,EE
2025-06-03 21:20:31,49-43/09,bet_placed,poker,197,0,mobile,LV
2025-06-03 07:46:20,58-65/91,game_end,roulette,0,0,tablet,EE
2025-06-03 12:30:43,92-60/95,bet_result,blackjack,0,0,tablet,LV
2025-06-03 11:53:25,63-82/49,game_end,slots,0,0,desktop,SE
2025-06-03 05:37:32,82-40/61,bet_placed,baccarat,63,0,mobile,FI
2025-06-03 23:06:45,24-29/36,game_end,blackjack,0,0,desktop,LV
2025-06-03 11:52:35,15-43/46,bet_result,poker,0,0,desktop,LT
2025-06-04 00:41:35,18-38/04,game_start,poker,0,0,mobile,SE
2025-06-03 17:10:46,27-91/76,game_end,slots,0,0,mobile,LV
2025-06-03 23:48:23,03-62/89,bet_result,slots,0,0,tablet,LV
2025-06-03 15:10:17,73-48/72,game_start,baccarat,0,0,desktop,LV
2025-06-03 22:59:01,65-97/52,bet_result,poker,0,0,desktop,LV
2025-06-03 17:14:19,39-01/10,game_end,slots,0,0,desktop,FI
2025-06-03 06:31:42,43-98/48,bet_result,baccarat,0,0,desktop,FI
2025-06-03 13:11:56,58-95/98,game_end,baccarat,0,0,tablet,LT
2025-06-04 00:03:06,34-24/96,bet_result,roulette,0,0,tablet,SE
2025-06-03 11:32:26,73-70/61,bet_placed,slots,154,0,tablet,EE
2025-06-03 09:39:05,68-00/74,game_end,baccarat,0,0,tablet,FI
2025-06-03 17:41:08,95-81/15,bet_result,blackjack,0,0,desktop,LV
2025-06-04 02:14:30,54-21/08,game_end,baccarat,0,0,mobile,SE
2025-06-04 03:06:31,62-55/47,bet_result,slots,0,0,desktop,EE
2025-06-04 00:43:53,16-35/33,game_end,roulette,0,0,desktop,LT
2025-06-03 13:21:12,59-43/53,bet_result,slots,0,0,tablet,EE
2025-06-03 22:46:30,06-26/43,game_end,slots,0,0,tablet,LV
2025-06-03 19:30:30,59-46/26,game_start,slots,0,0,tablet,LT
2025-06-04 00:54:17,34-71/70,game_start,slots,0,0,tablet,LT
2025-06-03 23:27:25,11-68/07,bet_result,baccarat,0,0,mobile,SE
2025-06-03 19:04:28,97-64/11,bet_placed,poker,199,0,tablet,SE
2025-06-03 18:57:33,09-37/77,bet_placed,slots,42,0,mobile,LV
2025-06-04 04:12:10,58-54/95,game_start,slots,0,0,desktop,LT
2025-06-03 12:51:02,75-66/00,game_end,slots,0,0,mobile,SE
2025-06-03 20:50:01,87-13/11,game_end,baccarat,0,0,tablet,EE
2025-06-03 15:22:59,30-04/55,game_start,slots,0,0,desktop,FI
2025-06-03 10:28:45,32-57/70,bet_placed,blackjack,12,0,mobile,LV
2025-06-03 10:44:12,87-65/27,game_end,roulette,0,0,mobile,SE
2025-06-04 04:04:00,21-12/77,game_end,roulette,0,0,desktop,LT
2025-06-03 09:45:26,94-43/04,game_start,blackjack,0,0,desktop,FI
2025-06-03 12:36:49,86-83/77,bet_result,slots,0,0,desktop,SE
2025-06-03 07:23:58,23-05/94,bet_placed,poker,98,0,tablet,EE
2025-06-03 23:16:22,57-24/47,bet_placed,roulette,193,0,mobile,SE
2025-06-03 08:58:36,08-13/53,bet_placed,slots,18,0,tablet,LV
2025-06-04 00:02:32,09-31/89,game_end,blackjack,0,0,tablet,FI
2025-06-04 01:20:25,18-00/70,game_end,poker,0,0,tablet,FI
2025-06-03 12:23:39,10-57/76,bet_result,slots,0,0,mobile,SE
2025-06-03 20:39:06,94-11/74,bet_result,blackjack,0,0,tablet,LT
2025-06-03 15:03:36,28-47/53,game_end,slots,0,0,mobile,EE
2025-06-03 16:36:33,22-07/85,game_end,roulette,0,0,tablet,EE
2025-06-03 10:21:39,10-36/96,game_start,baccarat,0,0,mobile,EE
2025-06-04 04:08:09,36-00/50,bet_result,slots,0,0,tablet,SE
2025-06-03 05:50:07,88-76/22,game_end,blackjack,0,0,tablet,LV
2025-06-03 23:49:09,50-04/96,bet_result,poker,0,0,tablet,LV
2025-06-03 05:57:41,30-17/32,bet_result,blackjack,0,0,desktop,LT
2025-06-03 16:59:22,77-94/15,game_start,roulette,0,0,tablet,SE
2025-06-03 16:36:52,69-76/82,bet_result,baccarat,0,0,desktop,SE
2025-06-03 18:18:27,33-48/54,bet_placed,baccarat,132,0,desktop,EE
2025-06-03 23:29:12,76-14/35,game_start,slots,0,0,tablet,LV
2025-06-04 03:17:46,32-79/01,bet_result,slots,0,0,tablet,FI
2025-06-04 02:28:40,61-85/86,bet_placed,blackjack,24,0,desktop,LV
2025-06-04 03:48:56,93-25/38,game_start,roulette,0,0,tablet,LT
2025-06-03 15:30:29,31-26/30,bet_result,blackjack,0,0,mobile,LV
2025-06-03 12:15:09,20-33/92,game_start,poker,0,0,tablet,SE
2025-06-03 12:27:32,50-08/74,game_end,roulette,0,0,tablet,LV
2025-06-04 00:01:17,69-35/04,bet_result,poker,0,0,desktop,LV
2025-06-03 19:37:32,17-77/11,bet_result,baccarat,0,0,tablet,FI
2025-06-03 09:59:22,08-50/20,bet_result,baccarat,0,0,mobile,FI
2025-06-03 17:19:26,61-98/92,bet_placed,roulette,86,0,tablet,LT
2025-06-03 05:15:30,10-33/50,game_start,poker,0,0,mobile,EE
2025-06-03 12:27:10,12-39/05,bet_result,slots,0,0,desktop,LT
2025-06-03 23:48:20,24-88/43,bet_placed,roulette,108,0,desktop,LT
2025-06-03 09:33:20,77-12/30,game_end,baccarat,0,0,mobile,LV
2025-06-03 05:24:15,46-69/23,bet_result,slots,0,0,tablet,EE
2025-06-03 07:51:02,00-62/12,game_end,poker,0,0,tablet,SE
2025-06-03 16:32:29,88-90/69,bet_placed,baccarat,181,0,desktop,LT
2025-06-03 10:27:57,33-98/47,game_end,slots,0,0,desktop,SE
2025-06-04 02:31:57,83-40/97,game_start,baccarat,0,0,mobile,EE
2025-06-03 15:40:51,70-51/13,bet_result,roulette,0,0,desktop,LT
2025-06-03 08:05:25,02-57/09,bet_placed,baccarat,119,0,tablet,EE
2025-06-03 18:26:57,89-02/79,game_end,blackjack,0,0,tablet,LV
2025-06-03 12:44:15,05-85/43,bet_result,slots,0,0,desktop,LT
2025-06-03 09:42:21,79-25/10,game_end,slots,0,0,desktop,FI
2025-06-03 16:02:08,67-63/93,bet_placed,slots,158,0,desktop,EE
2025-06-03 21:30:58,09-72/81,bet_placed,blackjack,48,0,desktop,LV
2025-06-03 12:37:43,86-16/53,bet_placed,slots,37,0,tablet,LT
2025-06-03 16:52:16,49-26/64,game_start,blackjack,0,0,mobile,LV
2025-06-03 05:33:34,42-41/02,game_start,poker,0,0,desktop,LT
2025-06-03 17:09:51,81-36/03,bet_result,poker,0,0,mobile,FI
2025-06-03 23:16:49,23-53/62,game_start,roulette,0,0,mobile,FI
2025-06-03 08:01:17,32-26/40,bet_placed,slots,98,0,desktop,LV
2025-06-03 11:38:33,13-18/11,game_start,roulette,0,0,mobile,LT
2025-06-03 09:19:19,69-93/33,game_end,blackjack,0,0,tablet,FI
2025-06-03 08:42:02,43-37/35,game_end,slots,0,0,mobile,LT
2025-06-04 01:21:26,86-35/63,game_start,slots,0,0,tablet,SE
2025-06-03 13:07:06,17-31/13,bet_placed,slots,198,0,tablet,SE
2025-06-03 07:58:40,67-91/40,bet_result,roulette,0,0,desktop,SE
2025-06-03 05:39:41,13-22/48,game_start,poker,0,0,mobile,EE
2025-06-03 17:37:17,66-26/68,bet_placed,roulette,23,0,mobile,LV
2025-06-03 23:35:54,58-80/28,bet_result,poker,0,0,mobile,SE
2025-06-04 04:43:39,08-24/91,game_end,blackjack,0,0,tablet,LT
2025-06-03 21:10:27,79-52/69,bet_result,roulette,0,0,desktop,FI
2025-06-04 01:58:15,14-38/20,game_start,blackjack,0,0,desktop,EE
2025-06-03 07:01:15,12-03/91,bet_result,poker,0,0,mobile,SE
2025-06-04 02:10:26,82-15/70,bet_result,blackjack,0,0,tablet,LT
2025-06-03 16:10:39,72-90/41,bet_placed,baccarat,24,0,tablet,LV
2025-06-03 13:11:52,43-02/64,bet_placed,slots,132,0,mobile,FI
2025-06-04 04:00:38,58-36/78,bet_result,poker,0,0,desktop,LV
2025-06-03 15:09:39,03-20/00,bet_result,blackjack,0,0,mobile,LV
2025-06-03 22:26:28,17-54/08,bet_result,baccarat,0,0,tablet,LV
2025-06-03 21:09:55,89-17/37,game_end,poker,0,0,tablet,EE
2025-06-03 05:54:47,75-40/79,game_end,roulette,0,0,tablet,FI
2025-06-04 01:17:12,71-21/70,game_start,poker,0,0,mobile,LV
2025-06-03 08:56:51,33-10/18,game_start,baccarat,0,0,desktop,LV
2025-06-03 06:13:45,42-56/96,bet_result,poker,0,0,tablet,LV
2025-06-03 18:37:44,01-17/50,bet_placed,slots,93,0,tablet,LT
2025-06-03 20:21:39,38-72/80,bet_placed,roulette,132,0,desktop,FI
2025-06-03 11:01:52,53-64/67,bet_result,blackjack,0,0,tablet,EE
2025-06-03 07:41:47,26-35/60,bet_placed,baccarat,101,0,desktop,EE
2025-06-04 04:06:53,21-01/17,game_end,roulette,0,0,tablet,LT
2025-06-03 18:57:14,58-61/41,game_start,poker,0,0,mobile,LV
2025-06-03 21:13:15,13-22/61,bet_result,roulette,0,0,mobile,EE
2025-06-03 09:16:59,42-71/64,bet_result,baccarat,0,0,desktop,LV
2025-06-03 16:19:46,23-49/07,game_start,baccarat,0,0,desktop,FI
2025-06-04 00:31:32,96-35/84,game_start,roulette,0,0,desktop,FI
2025-06-03 15:43:21,28-36/33,game_start,poker,0,0,desktop,SE
2025-06-03 12:40:42,55-47/47,game_end,blackjack,0,0,tablet,FI
2025-06-03 16:49:43,27-82/07,game_start,roulette,0,0,desktop,LV
2025-06-03 05:50:03,29-80/26,game_end,slots,0,0,mobile,SE
2025-06-03 08:33:21,31-38/07,game_end,poker,0,0,mobile,LV
2025-06-03 17:08:16,93-77/61,bet_result,slots,0,0,desktop,LV
2025-06-04 04:23:47,56-08/90,bet_placed,slots,119,0,desktop,LT
2025-06-04 04:53:33,85-02/37,bet_result,blackjack,0,0,desktop,FI
2025-06-03 08:03:01,91-61/47,bet_placed,roulette,157,0,desktop,SE
2025-06-03 10:18:13,90-73/69,bet_result,slots,0,0,tablet,SE
2025-06-03 10:52:49,57-13/46,bet_result,poker,0,0,desktop,LT
2025-06-03 05:34:42,66-68/94,game_start,slots,0,0,desktop,FI
2025-06-03 16:20:59,37-40/32,bet_placed,slots,58,0,desktop,LV
2025-06-04 01:07:44,20-39/64,game_start,poker,0,0,desktop,EE
2025-06-03 16:24:45,77-58/28,bet_result,roulette,0,0,desktop,FI
2025-06-03 15:00:43,02-54/14,bet_result,baccarat,0,0,desktop,EE
2025-06-03 09:07:41,46-62/29,bet_result,baccarat,0,0,mobile,EE
2025-06-03 08:56:47,64-41/67,game_start,roulette,0,0,tablet,EE
2025-06-04 04:54:00,53-62/62,game_start,baccarat,0,0,tablet,LT
2025-06-03 16:13:58,64-36/96,bet_result,poker,0,0,mobile,EE
2025-06-03 19:18:56,51-48/00,bet_result,blackjack,0,0,desktop,LV
2025-06-03 10:23:05,64-30/33,bet_result,poker,0,0,mobile,LV
2025-06-04 01:18:29,83-40/04,game_end,roulette,0,0,desktop,LT
2025-06-03 20:59:36,99-50/17,bet_result,slots,0,0,mobile,LV
2025-06-03 21:03:39,30-68/02,game_end,poker,0,0,tablet,FI
2025-06-03 18:03:06,23-32/84,game_start,poker,0,0,mobile,FI
2025-06-03 12:56:02,38-27/63,game_end,slots,0,0,tablet,FI
2025-06-04 01:45:05,63-42/88,bet_placed,roulette,35,0,tablet,SE
2025-06-03 23:59:44,84-20/38,bet_result,slots,0,0,mobile,LT
2025-06-03 15:17:43,64-66/35,bet_result,baccarat,0,0,desktop,FI
2025-06-04 02:30:47,56-61/42,bet_result,blackjack,0,0,desktop,LT
2025-06-04 04:06:15,35-42/53,game_start,poker,0,0,mobile,SE
2025-06-03 11:45:06,99-71/75,bet_placed,poker,145,0,desktop,FI
2025-06-03 06:42:27,97-68/88,bet_result,poker,0,0,tablet,FI
2025-06-03 07:25:23,90-83/44,game_start,baccarat,0,0,tablet,LV
2025-06-03 07:49:11,28-08/88,game_start,slots,0,0,mobile,EE
2025-06-03 05:21:31,31-16/30,bet_result,blackjack,0,0,mobile,EE
2025-06-03 21:40:47,26-69/18,bet_placed,roulette,125,0,desktop,SE
2025-06-03 21:15:08,09-70/30,game_end,blackjack,0,0,mobile,EE
2025-06-03 18:52:58,11-07/58,bet_result,roulette,0,0,mobile,SE
2025-06-04 04:29:07,23-02/41,game_start,roulette,0,0,tablet,LV
2025-06-03 08:24:53,15-54/62,game_start,slots,0,0,mobile,EE
2025-06-03 15:31:35,82-28/91,bet_result,slots,0,0,tablet,SE
2025-06-03 23:11:15,64-78/65,bet_placed,slots,195,0,mobile,SE
2025-06-03 07:32:19,54-97/62,bet_placed,baccarat,11,0,mobile,EE
2025-06-04 00:42:24,70-46/44,game_start,poker,0,0,tablet,SE
2025-06-03 23:05:34,23-38/58,game_end,roulette,0,0,mobile,SE
2025-06-04 02:47:04,21-45/28,bet_placed,poker,183,0,mobile,LT
2025-06-03 21:31:52,23-40/04,bet_placed,blackjack,35,0,mobile,FI
2025-06-03 09:44:02,09-80/85,game_start,baccarat,0,0,mobile,LV
2025-06-03 23:07:59,81-63/57,game_start,baccarat,0,0,desktop,SE
2025-06-04 02:31:37,63-00/46,bet_placed,poker,130,0,desktop,FI
2025-06-03 15:25:33,29-96/17,game_end,blackjack,0,0,desktop,LT
2025-06-03 16:52:06,62-05/69,bet_result,roulette,0,0,desktop,FI
2025-06-03 05:24:15,40-05/19,bet_result,slots,0,0,mobile,SE
2025-06-03 06:00:43,01-60/06,game_end,poker,0,0,desktop,FI
2025-06-03 10:57:06,99-42/81,game_end,blackjack,0,0,mobile,SE
2025-06-03 23:55:55,97-49/42,bet_placed,slots,115,0,tablet,SE
2025-06-04 00:55:36,87-43/86,bet_placed,baccarat,121,0,mobile,SE
2025-06-03 07:52:31,39-71/06,game_start,slots,0,0,desktop,EE
2025-06-03 11:46:32,26-33/51,game_start,roulette,0,0,desktop,SE
2025-06-04 04:43:33,33-86/70,game_start,slots,0,0,tablet,LT
2025-06-03 18:22:33,63-28/75,game_start,slots,0,0,tablet,EE
2025-06-03 22:04:15,37-41/17,bet_result,baccarat,0,0,desktop,FI
2025-06-03 17:59:03,53-28/80,game_end,roulette,0,0,desktop,LV
2025-06-04 00:39:07,76-83/45,bet_result,baccarat,0,0,desktop,SE
2025-06-03 13:52:02,26-29/88,game_start,roulette,0,0,mobile,FI
2025-06-04 00:11:10,18-75/49,bet_result,roulette,0,0,mobile,LV
2025-06-03 21:48:00,53-32/82,game_start,baccarat,0,0,desktop,FI
2025-06-03 22:32:19,28-00/52,bet_placed,baccarat,145,0,tablet,EE
2025-06-03 05:21:29,49-17/74,game_end,roulette,0,0,mobile,FI
2025-06-03 22:08:08,33-50/86,game_end,poker,0,0,tablet,FI
2025-06-03 08:29:53,21-84/83,game_start,poker,0,0,desktop,EE
2025-06-03 22:39:45,68-86/97,bet_placed,baccarat,160,0,mobile,LV
2025-06-04 04:53:15,86-52/82,bet_placed,baccarat,197,0,mobile,SE
2025-06-03 20:06:53,07-72/20,game_end,baccarat,0,0,mobile,FI
2025-06-03 20:24:28,53-10/92,bet_result,slots,0,0,mobile,FI
2025-06-03 23:19:03,51-71/23,game_start,slots,0,0,desktop,EE
2025-06-03 10:39:41,92-38/36,bet_result,poker,0,0,tablet,SE
2025-06-03 13:46:30,42-18/00,bet_result,blackjack,0,0,tablet,EE
2025-06-03 20:28:58,44-35/91,bet_placed,baccarat,15,0,tablet,LT
2025-06-03 16:28:28,28-21/32,bet_result,poker,0,0,desktop,SE
2025-06-03 11:43:45,69-73/79,game_start,baccarat,0,0,tablet,SE
2025-06-04 01:41:04,13-58/76,bet_result,baccarat,0,0,mobile,LV
2025-06-03 23:20:40,01-23/22,game_start,slots,0,0,mobile,SE
2025-06-03 18:29:42,28-40/40,game_start,slots,0,0,desktop,EE
2025-06-03 15:24:20,17-84/89,game_start,roulette,0,0,tablet,LV
2025-06-03 08:31:05,06-59/29,bet_result,blackjack,0,0,tablet,LT
2025-06-03 09:19:25,55-73/97,game_start,roulette,0,0,tablet,EE
2025-06-03 13:14:05,04-20/88,bet_result,baccarat,0,0,desktop,LT
2025-06-03 12:40:19,68-70/16,game_end,blackjack,0,0,mobile,SE
2025-06-03 07:31:50,58-52/70,bet_result,baccarat,0,0,mobile,EE
2025-06-04 04:28:49,37-25/24,game_start,slots,0,0,desktop,SE
2025-06-03 06:36:20,93-48/79,game_start,poker,0,0,desktop,FI
2025-06-03 18:12:51,96-01/97,bet_result,blackjack,0,0,desktop,EE
2025-06-03 08:55:30,93-14/15,bet_placed,poker,190,0,desktop,LV
2025-06-03 07:12:26,07-12/61,bet_placed,blackjack,121,0,mobile,LV
2025-06-03 16:00:31,86-44/58,bet_placed,baccarat,159,0,tablet,LT
2025-06-03 23:25:07,10-88/98,bet_result,blackjack,0,0,tablet,LT
2025-06-03 09:13:09,94-06/87,game_start,baccarat,0,0,tablet,EE
2025-06-03 06:48:11,08-16/72,bet_placed,blackjack,128,0,mobile,LV
2025-06-04 02:54:43,24-29/85,game_end,baccarat,0,0,tablet,LT
2025-06-03 13:39:34,93-65/59,bet_placed,blackjack,170,0,desktop,SE
2025-06-03 08:53:35,08-72/60,game_end,roulette,0,0,desktop,FI
2025-06-03 14:52:45,79-04/50,game_start,slots,0,0,desktop,LT
2025-06-03 09:46:08,65-38/94,game_end,blackjack,0,0,desktop,LV
2025-06-03 14:32:15,93-00/15,game_end,baccarat,0,0,desktop,LV
2025-06-04 00:57:03,15-50/83,game_end,poker,0,0,tablet,LV
2025-06-03 21:50:26,48-36/90,game_start,baccarat,0,0,tablet,EE
2025-06-03 07:02:41,91-44/25,bet_placed,baccarat,169,0,desktop,LV
2025-06-04 02:38:17,44-24/41,game_end,blackjack,0,0,tablet,EE
2025-06-03 18:30:28,07-97/61,game_end,roulette,0,0,mobile,LT
2025-06-03 14:56:46,56-81/63,game_end,slots,0,0,mobile,FI
2025-06-03 15:53:02,48-49/86,bet_placed,poker,145,0,mobile,EE
2025-06-04 04:43:38,46-16/25,bet_placed,roulette,124,0,desktop,LV
2025-06-03 08:54:59,71-36/00,game_start,baccarat,0,0,tablet,LV
2025-06-04 00:39:28,92-22/10,game_start,poker,0,0,tablet,FI
2025-06-03 13:50:13,15-11/98,bet_placed,baccarat,58,0,mobile,SE
2025-06-03 17:19:59,69-42/59,game_end,slots,0,0,tablet,LT
2025-06-03 10:38:20,88-91/51,bet_result,roulette,0,0,mobile,LV
2025-06-04 01:47:06,21-57/69,bet_placed,poker,181,0,mobile,FI
2025-06-04 01:09:28,19-33/79,bet_result,blackjack,0,0,mobile,LV
2025-06-03 13:02:07,99-95/11,game_start,roulette,0,0,tablet,EE
2025-06-03 16:49:42,69-10/65,game_start,roulette,0,0,desktop,FI
2025-06-03 13:34:44,77-08/96,bet_placed,baccarat,77,0,tablet,FI
2025-06-03 13:25:11,38-90/16,game_start,poker,0,0,tablet,FI
2025-06-03 22:22:59,74-60/23,game_start,slots,0,0,mobile,SE
2025-06-03 23:19:52,60-37/50,game_start,slots,0,0,mobile,LV
2025-06-04 04:51:15,62-28/17,bet_result,poker,0,0,mobile,EE
2025-06-03 13:58:49,76-99/69,bet_result,roulette,0,0,mobile,FI
2025-06-03 07:33:46,47-64/97,game_end,roulette,0,0,tablet,EE
2025-06-03 06:47:15,63-63/89,game_end,roulette,0,0,desktop,LT
2025-06-03 17:23:20,59-78/18,bet_result,baccarat,0,0,mobile,EE
2025-06-03 11:40:39,85-50/07,bet_placed,slots,132,0,mobile,LT
2025-06-03 14:43:10,00-74/70,bet_result,roulette,0,0,desktop,LV
2025-06-03 12:27:05,40-36/01,game_end,blackjack,0,0,tablet,LV
2025-06-03 19:16:51,99-81/54,bet_placed,slots,26,0,mobile,LT
2025-06-04 03:25:29,18-63/22,bet_result,poker,0,0,tablet,FI
2025-06-04 04:23:01,33-69/65,bet_result,roulette,0,0,mobile,EE
2025-06-04 02:05:59,94-31/06,bet_placed,slots,191,0,tablet,FI
2025-06-03 11:34:10,98-72/14,bet_placed,slots,127,0,desktop,LV
2025-06-03 12:49:17,96-69/88,game_start,slots,0,0,tablet,FI
2025-06-03 06:14:33,04-69/78,bet_placed,roulette,49,0,tablet,LV
2025-06-03 17:06:21,99-03/87,bet_result,blackjack,0,0,desktop,SE
2025-06-03 10:31:39,09-89/49,game_end,poker,0,0,tablet,FI
2025-06-03 23:33:03,60-12/92,game_end,baccarat,0,0,tablet,EE
2025-06-03 10:16:07,89-09/99,bet_placed,roulette,176,0,desktop,EE
2025-06-03 14:10:14,94-47/32,game_end,blackjack,0,0,tablet,LV
2025-06-03 12:07:55,96-69/94,bet_result,baccarat,0,0,desktop,FI
2025-06-03 08:47:18,04-49/74,bet_placed,roulette,195,0,mobile,EE
2025-06-03 18:00:30,25-87/44,bet_result,roulette,0,0,tablet,LV
2025-06-04 03:23:27,94-36/12,bet_placed,slots,189,0,desktop,EE
2025-06-04 01:00:47,62-55/34,game_start,blackjack,0,0,tablet,LT
2025-06-04 00:28:37,19-67/74,bet_placed,poker,165,0,mobile,LT
2025-06-03 09:48:08,36-86/06,game_start,slots,0,0,tablet,EE
2025-06-03 08:00:58,48-31/66,game_end,slots,0,0,desktop,LV
2025-06-03 11:08:46,18-55/83,game_start,blackjack,0,0,desktop,LV
2025-06-03 16:29:06,66-14/81,bet_placed,slots,93,0,desktop,LT
2025-06-03 09:00:27,65-22/22,game_start,poker,0,0,desktop,LV
2025-06-04 02:28:30,12-12/82,game_end,slots,0,0,tablet,LT
2025-06-04 03:52:56,37-81/95,game_end,blackjack,0,0,mobile,LV
2025-06-03 09:07:51,77-87/81,bet_placed,blackjack,98,0,desktop,SE
2025-06-03 05:16:44,23-84/51,bet_placed,poker,18,0,mobile,SE
2025-06-03 12:34:58,34-05/45,game_start,slots,0,0,tablet,LV
2025-06-03 09:02:54,67-70/93,bet_result,blackjack,0,0,mobile,EE
2025-06-03 16:00:05,46-07/95,game_end,blackjack,0,0,tablet,LV
2025-06-03 05:24:01,66-91/96,game_end,roulette,0,0,desktop,EE
2025-06-03 15:23:22,81-49/44,bet_result,roulette,0,0,tablet,EE
2025-06-04 03:52:57,57-37/70,bet_placed,poker,37,0,desktop,FI
2025-06-03 13:47:50,81-24/23,game_start,poker,0,0,tablet,LV
2025-06-03 12:14:56,11-52/20,bet_result,baccarat,0,0,desktop,LT
2025-06-03 22:09:45,81-15/86,bet_placed,roulette,38,0,mobile,SE
2025-06-03 21:54:57,77-09/36,game_start,blackjack,0,0,tablet,FI
2025-06-03 20:15:34,73-48/00,bet_result,blackjack,0,0,desktop,EE
2025-06-03 23:10:08,22-91/78,game_start,blackjack,0,0,mobile,LT
2025-06-04 04:06:59,20-21/80,game_start,blackjack,0,0,desktop,SE
2025-06-04 01:26:01,37-47/90,game_start,poker,0,0,mobile,LT
2025-06-03 08:39:41,15-22/03,game_end,roulette,0,0,desktop,LT
2025-06-03 20:45:29,16-33/86,bet_placed,roulette,58,0,mobile,LV
2025-06-04 00:33:31,02-66/46,game_end,slots,0,0,desktop,EE
2025-06-03 16:11:03,61-16/70,bet_result,baccarat,0,0,tablet,EE
2025-06-03 17:33:27,09-65/42,bet_placed,blackjack,81,0,desktop,SE
2025-06-04 04:10:48,47-78/70,game_start,blackjack,0,0,tablet,LV
2025-06-03 07:20:35,07-17/76,bet_placed,blackjack,110,0,desktop,LV
2025-06-04 00:20:28,57-19/69,bet_placed,baccarat,158,0,desktop,FI
2025-06-03 14:37:04,93-89/84,game_end,poker,0,0,mobile,LV
2025-06-03 14:40:12,93-93/50,game_end,poker,0,0,tablet,SE
2025-06-03 15:14:09,73-68/26,bet_result,baccarat,0,0,mobile,EE
2025-06-03 17:16:39,72-81/01,bet_placed,blackjack,72,0,desktop,EE
2025-06-04 00:36:36,48-22/00,game_start,poker,0,0,desktop,EE
2025-06-03 19:04:31,00-54/13,game_start,baccarat,0,0,mobile,LV
2025-06-03 14:59:48,77-86/63,game_start,blackjack,0,0,mobile,FI
2025-06-03 17:05:02,62-65/07,bet_placed,blackjack,72,0,mobile,SE
2025-06-03 11:45:59,31-33/02,bet_placed,poker,49,0,mobile,FI
2025-06-03 11:52:32,79-42/16,bet_placed,roulette,62,0,mobile,EE
2025-06-04 00:37:05,68-95/29,bet_result,blackjack,0,0,desktop,FI
2025-06-03 13:33:40,73-69/37,game_end,roulette,0,0,mobile,LV
2025-06-03 23:59:12,76-73/68,bet_result,roulette,0,0,tablet,EE
2025-06-04 03:19:34,16-80/00,game_start,blackjack,0,0,tablet,LT
2025-06-03 22:23:14,10-65/04,bet_placed,slots,36,0,tablet,LV
2025-06-03 17:15:52,71-85/21,game_start,blackjack,0,0,tablet,FI
2025-06-03 10:44:40,94-36/38,bet_placed,poker,56,0,tablet,EE
2025-06-03 23:07:54,53-55/79,bet_placed,slots,94,0,desktop,LV
2025-06-04 01:39:36,08-02/37,bet_result,slots,0,0,desktop,LT
2025-06-03 08:41:54,25-05/76,bet_result,slots,0,0,desktop,EE
2025-06-03 14:21:55,07-43/71,bet_result,blackjack,0,0,mobile,LV
2025-06-03 13:23:03,30-89/99,game_end,baccarat,0,0,desktop,EE
2025-06-03 17:23:10,01-75/63,bet_placed,poker,154,0,tablet,FI
2025-06-03 11:07:33,80-46/19,game_start,baccarat,0,0,tablet,EE
2025-06-03 17:59:00,95-28/38,bet_result,poker,0,0,tablet,EE
2025-06-03 10:06:40,25-72/29,game_end,roulette,0,0,desktop,LV
2025-06-03 07:51:28,20-44/30,game_start,baccarat,0,0,tablet,LV
2025-06-03 16:27:45,60-14/76,bet_result,poker,0,0,tablet,LV
2025-06-03 22:38:42,65-88/03,game_end,poker,0,0,desktop,FI
2025-06-03 09:26:06,31-61/45,game_start,baccarat,0,0,desktop,FI
2025-06-03 20:24:27,96-97/30,bet_placed,blackjack,157,0,desktop,LV
2025-06-03 12:12:24,08-49/63,bet_placed,blackjack,200,0,mobile,SE
2025-06-04 00:18:14,00-82/63,game_end,baccarat,0,0,tablet,SE
2025-06-04 01:04:37,57-90/87,bet_result,blackjack,0,0,desktop,LV
2025-06-03 08:09:13,39-22/72,bet_result,blackjack,0,0,tablet,EE
2025-06-03 15:01:04,90-81/48,bet_result,blackjack,0,0,tablet,LV
2025-06-03 14:57:02,91-09/95,bet_result,poker,0,0,desktop,EE
2025-06-03 20:11:49,24-93/99,game_end,roulette,0,0,mobile,FI
2025-06-03 08:40:33,90-76/05,game_start,blackjack,0,0,tablet,EE
2025-06-03 15:11:30,23-24/01,game_start,poker,0,0,mobile,LV
2025-06-04 04:16:56,66-36/11,bet_result,roulette,0,0,mobile,LV
2025-06-03 14:58:21,29-86/11,game_end,baccarat,0,0,mobile,LT
2025-06-04 03:08:17,31-32/40,bet_placed,baccarat,67,0,desktop,LT
2025-06-03 17:26:14,63-55/55,game_start,slots,0,0,mobile,LV
2025-06-04 02:42:51,49-19/78,game_start,baccarat,0,0,desktop,LT
2025-06-03 10:13:40,26-42/09,bet_placed,roulette,161,0,tablet,SE
2025-06-04 03:04:52,96-75/72,game_end,slots,0,0,mobile,FI
2025-06-03 13:41:19,70-41/39,bet_result,baccarat,0,0,mobile,LT
2025-06-03 15:48:29,43-97/34,bet_result,baccarat,0,0,mobile,FI
2025-06-03 15:07:21,42-18/68,game_start,poker,0,0,desktop,LT
2025-06-04 00:11:01,30-56/61,game_end,slots,0,0,tablet,FI
2025-06-04 02:21:12,99-23/69,bet_placed,roulette,88,0,mobile,LV
2025-06-03 17:49:24,62-48/72,bet_placed,poker,48,0,desktop,LV
2025-06-03 22:51:19,97-17/22,bet_placed,poker,113,0,tablet,SE
2025-06-03 06:44:18,11-24/71,game_end,baccarat,0,0,desktop,SE
2025-06-03 12:10:30,86-72/59,game_end,poker,0,0,tablet,LV
2025-06-03 14:05:04,09-31/00,game_end,poker,0,0,mobile,LV
2025-06-03 07:51:37,97-08/37,game_end,baccarat,0,0,tablet,FI
2025-06-03 13:44:54,56-34/91,bet_placed,poker,136,0,mobile,LV
2025-06-04 02:58:19,07-49/15,game_start,slots,0,0,mobile,EE
2025-06-03 08:29:09,01-17/41,bet_placed,poker,101,0,desktop,LT
2025-06-03 12:47:58,88-73/75,bet_result,roulette,0,0,mobile,SE
2025-06-04 02:43:15,08-07/33,bet_placed,roulette,18,0,tablet,LT
2025-06-04 02:57:16,87-64/53,bet_result,slots,0,0,mobile,EE
2025-06-03 08:04:36,16-95/73,game_start,baccarat,0,0,desktop,LV
2025-06-04 03:36:08,01-10/53,bet_placed,poker,51,0,desktop,EE
2025-06-04 04:27:41,95-49/08,game_end,baccarat,0,0,desktop,EE
2025-06-03 19:50:18,45-56/66,game_end,baccarat,0,0,tablet,LV
2025-06-03 09:29:37,53-34/64,bet_result,roulette,0,0,mobile,FI
2025-06-03 08:38:26,97-23/52,bet_placed,blackjack,25,0,mobile,EE
2025-06-03 23:31:22,86-42/68,game_start,roulette,0,0,mobile,LT
2025-06-04 01:07:58,28-24/10,bet_result,slots,0,0,tablet,LV
2025-06-03 21:16:36,47-01/24,bet_placed,baccarat,154,0,mobile,LV
2025-06-03 19:46:40,92-92/89,game_start,slots,0,0,desktop,FI
2025-06-03 22:36:09,65-08/97,game_start,slots,0,0,tablet,LT
2025-06-03 21:40:22,58-59/47,bet_result,blackjack,0,0,tablet,SE
2025-06-03 13:50:11,17-31/88,bet_placed,slots,198,0,mobile,LV
2025-06-03 08:57:43,77-33/85,bet_result,slots,0,0,desktop,LT
2025-06-04 04:26:40,55-25/38,bet_result,baccarat,0,0,desktop,LT
2025-06-03 11:29:33,09-26/16,bet_placed,blackjack,72,0,desktop,EE
2025-06-04 00:03:12,05-94/90,bet_result,poker,0,0,mobile,EE
2025-06-03 17:35:22,14-36/14,bet_placed,slots,168,0,desktop,LT
2025-06-03 19:23:50,84-61/97,bet_placed,blackjack,44,0,mobile,EE
2025-06-03 23:52:33,72-76/89,game_end,slots,0,0,desktop,LT
2025-06-03 21:12:16,35-88/89,bet_placed,poker,171,0,mobile,LV
2025-06-03 16:15:57,93-90/24,game_end,blackjack,0,0,desktop,SE
2025-06-03 08:08:59,16-02/44,bet_result,slots,0,0,desktop,FI
2025-06-03 09:19:20,41-45/31,game_start,slots,0,0,tablet,SE
2025-06-03 16:08:06,18-04/77,bet_result,baccarat,0,0,desktop,FI
2025-06-03 15:54:05,78-45/12,bet_result,baccarat,0,0,mobile,EE
2025-06-04 05:02:35,54-03/93,bet_placed,poker,159,0,tablet,LV
2025-06-03 18:02:01,21-97/35,game_end,slots,0,0,mobile,LV
2025-06-03 07:50:02,40-13/84,bet_result,slots,0,0,tablet,LT
2025-06-03 21:50:52,70-54/31,bet_placed,blackjack,27,0,tablet,LT
2025-06-04 01:14:16,94-46/37,game_end,baccarat,0,0,mobile,FI
2025-06-03 07:29:24,99-27/55,game_start,roulette,0,0,desktop,LV
2025-06-03 10:00:13,89-45/54,game_start,blackjack,0,0,desktop,EE
2025-06-03 11:50:26,25-36/70,bet_result,baccarat,0,0,desktop,FI
2025-06-03 17:51:31,25-05/92,game_end,blackjack,0,0,tablet,EE
2025-06-03 12:49:20,07-67/47,game_end,slots,0,0,tablet,LT
2025-06-03 11:13:32,61-43/23,bet_placed,baccarat,89,0,tablet,FI
2025-06-03 10:19:56,77-53/28,game_start,roulette,0,0,desktop,FI
2025-06-03 20:19:00,70-18/08,game_end,blackjack,0,0,mobile,FI
2025-06-03 20:44:00,10-01/62,game_start,baccarat,0,0,mobile,LV
2025-06-04 01:46:21,62-83/48,bet_result,roulette,0,0,mobile,FI
2025-06-03 21:56:02,05-77/15,game_end,roulette,0,0,desktop,LV
2025-06-04 02:39:29,53-45/31,bet_placed,roulette,162,0,mobile,SE
2025-06-04 03:04:55,54-24/81,game_start,blackjack,0,0,desktop,EE
2025-06-04 03:26:39,97-23/73,bet_result,baccarat,0,0,mobile,SE
2025-06-03 19:17:36,27-83/05,bet_placed,blackjack,121,0,desktop,LV
2025-06-04 03:47:12,14-17/01,bet_result,slots,0,0,mobile,FI
2025-06-03 12:39:38,39-44/95,bet_placed,blackjack,90,0,mobile,SE
2025-06-04 00:42:15,42-12/47,game_start,baccarat,0,0,desktop,EE
2025-06-04 02:20:31,35-56/79,game_end,slots,0,0,tablet,SE
2025-06-03 07:01:59,93-31/01,bet_result,poker,0,0,mobile,FI
2025-06-04 02:51:30,35-59/80,bet_placed,roulette,120,0,desktop,EE
2025-06-03 18:05:05,00-42/93,game_start,baccarat,0,0,tablet,LV
2025-06-03 20:09:22,73-88/72,bet_result,baccarat,0,0,mobile,LT
2025-06-03 05:40:54,29-46/36,bet_placed,slots,25,0,mobile,LT
2025-06-04 04:34:13,05-10/30,game_start,baccarat,0,0,tablet,LT
2025-06-03 06:47:03,21-70/56,bet_placed,poker,29,0,mobile,FI
2025-06-03 20:37:38,88-38/97,bet_placed,roulette,13,0,mobile,FI
2025-06-03 09:25:58,32-61/48,bet_result,roulette,0,0,mobile,LT
2025-06-04 01:10:28,49-47/18,bet_result,roulette,0,0,desktop,EE
2025-06-03 18:43:29,82-63/23,bet_result,slots,0,0,tablet,LV
2025-06-03 09:58:20,94-24/79,game_start,poker,0,0,mobile,EE
2025-06-04 04:42:47,24-71/27,bet_result,baccarat,0,0,desktop,LT
2025-06-03 08:03:52,48-39/91,bet_placed,slots,85,0,tablet,LT
2025-06-04 04:31:47,59-76/81,game_end,roulette,0,0,mobile,FI
2025-06-03 17:27:37,88-32/24,game_end,slots,0,0,mobile,EE
2025-06-04 01:55:56,65-47/89,game_start,baccarat,0,0,desktop,FI
2025-06-04 03:01:45,69-79/30,game_end,blackjack,0,0,mobile,EE
2025-06-04 01:37:57,26-46/40,bet_result,baccarat,0,0,tablet,EE
2025-06-03 05:36:21,34-86/12,game_start,blackjack,0,0,desktop,EE
2025-06-03 15:12:57,00-82/43,bet_result,baccarat,0,0,desktop,EE
2025-06-03 16:47:19,37-03/30,bet_placed,blackjack,62,0,tablet,SE
2025-06-03 17:20:33,68-64/18,game_end,poker,0,0,desktop,SE
2025-06-03 19:15:10,43-48/57,bet_placed,poker,99,0,mobile,EE
2025-06-03 17:16:17,38-49/86,game_end,baccarat,0,0,tablet,FI
2025-06-03 09:48:04,51-35/83,game_start,baccarat,0,0,desktop,FI
2025-06-03 10:26:25,07-17/25,bet_placed,blackjack,85,0,tablet,FI
2025-06-03 20:27:02,80-98/38,game_end,roulette,0,0,tablet,EE
2025-06-04 01:59:22,15-54/92,bet_result,blackjack,0,0,tablet,FI
2025-06-04 00:29:22,99-71/54,bet_result,slots,0,0,mobile,LT
2025-06-04 00:02:18,51-13/26,game_end,slots,0,0,mobile,FI
2025-06-03 19:21:37,21-61/50,game_start,poker,0,0,tablet,LT
2025-06-03 23:39:12,17-09/81,bet_result,baccarat,0,0,tablet,FI
2025-06-03 10:43:07,34-54/96,bet_result,roulette,0,0,mobile,LV
2025-06-03 06:54:35,41-11/43,game_end,roulette,0,0,desktop,EE
2025-06-03 17:19:05,76-56/47,bet_result,poker,0,0,desktop,LT
2025-06-03 12:38:54,78-21/31,game_start,roulette,0,0,mobile,EE
2025-06-03 19:36:20,32-38/42,bet_result,blackjack,0,0,mobile,FI
2025-06-03 16:23:28,48-08/88,bet_result,slots,0,0,tablet,EE
2025-06-03 05:58:47,14-44/61,game_end,baccarat,0,0,mobile,LT
2025-06-04 03:47:17,51-30/24,game_end,blackjack,0,0,tablet,SE
2025-06-03 20:03:49,20-84/25,bet_result,roulette,0,0,desktop,SE
2025-06-03 21:34:56,88-61/62,bet_result,roulette,0,0,mobile,EE
2025-06-03 11:17:03,14-65/02,game_start,slots,0,0,tablet,SE
2025-06-03 13:32:35,32-24/57,bet_placed,blackjack,131,0,mobile,EE
2025-06-04 02:02:14,59-20/43,game_end,slots,0,0,tablet,FI
2025-06-04 05:02:47,43-63/22,game_start,blackjack,0,0,desktop,LV
2025-06-04 03:27:33,24-96/28,game_start,slots,0,0,mobile,LT
2025-06-03 17:38:51,88-14/27,game_start,slots,0,0,mobile,LV
2025-06-04 04:59:07,09-86/16,bet_placed,roulette,185,0,mobile,EE
2025-06-03 16:57:23,27-52/89,game_start,blackjack,0,0,desktop,LT
2025-06-03 06:21:56,86-96/93,game_end,blackjack,0,0,desktop,EE
2025-06-04 01:58:37,71-71/10,bet_result,blackjack,0,0,desktop,LV
2025-06-03 15:09:00,15-05/50,bet_placed,roulette,29,0,desktop,EE
2025-06-03 07:51:23,78-57/79,bet_placed,roulette,38,0,desktop,SE
2025-06-03 08:47:02,49-07/66,bet_placed,poker,103,0,mobile,LT
2025-06-03 22:17:11,29-43/12,game_start,roulette,0,0,tablet,LV
2025-06-03 20:10:20,25-39/93,game_start,baccarat,0,0,desktop,LV
2025-06-03 07:38:17,50-38/91,bet_placed,baccarat,37,0,mobile,LT
2025-06-03 10:35:04,09-99/27,bet_result,poker,0,0,desktop,EE
2025-06-04 00:21:09,31-82/49,bet_placed,roulette,191,0,mobile,SE
2025-06-03 14:26:18,08-46/90,game_start,baccarat,0,0,tablet,EE
2025-06-03 09:44:11,36-08/96,game_end,roulette,0,0,tablet,LT
2025-06-03 17:39:47,25-47/99,game_start,baccarat,0,0,tablet,LT
2025-06-04 00:00:42,64-01/96,bet_result,slots,0,0,desktop,SE
2025-06-03 08:57:02,43-36/01,bet_result,blackjack,0,0,mobile,LT
2025-06-03 11:37:30,32-01/46,game_end,baccarat,0,0,desktop,LV
2025-06-03 14:59:09,77-75/46,bet_placed,baccarat,21,0,mobile,FI
2025-06-04 01:17:18,70-18/83,game_end,poker,0,0,mobile,SE
2025-06-04 04:40:26,26-66/83,bet_result,poker,0,0,mobile,LT
2025-06-03 17:21:39,31-08/76,bet_placed,slots,73,0,desktop,FI
2025-06-03 06:10:26,97-02/38,game_start,blackjack,0,0,tablet,LT
2025-06-03 14:23:41,38-50/95,game_end,blackjack,0,0,desktop,EE
2025-06-03 06:13:30,47-68/37,bet_result,baccarat,0,0,tablet,FI
2025-06-03 15:27:29,65-15/43,bet_result,poker,0,0,desktop,LV
2025-06-03 05:07:04,81-50/27,game_start,slots,0,0,tablet,EE
2025-06-03 11:41:41,56-35/70,bet_result,slots,0,0,mobile,LV
2025-06-03 10:34:34,50-63/81,game_start,baccarat,0,0,mobile,SE
2025-06-03 05:38:56,32-72/79,bet_result,slots,0,0,desktop,EE
2025-06-03 21:55:47,76-98/33,bet_placed,roulette,32,0,mobile,LV
2025-06-03 07:08:56,77-37/47,bet_result,baccarat,0,0,desktop,LV
2025-06-03 05:38:12,48-40/39,bet_placed,slots,157,0,desktop,EE
2025-06-03 20:38:45,96-87/37,game_start,blackjack,0,0,desktop,FI
2025-06-03 09:38:16,87-90/65,game_end,slots,0,0,mobile,LV
2025-06-04 04:51:16,57-26/92,game_start,slots,0,0,tablet,LT
2025-06-03 23:31:18,33-57/22,game_end,blackjack,0,0,desktop,LT
2025-06-03 11:48:24,40-82/94,bet_placed,baccarat,42,0,tablet,FI
2025-06-04 00:30:04,94-35/28,bet_placed,slots,72,0,desktop,SE
2025-06-03 17:58:06,83-07/70,bet_result,poker,0,0,mobile,SE
2025-06-03 11:25:17,17-06/43,game_start,baccarat,0,0,tablet,FI
2025-06-03 14:55:22,54-79/41,bet_placed,slots,107,0,tablet,FI
2025-06-03 12:44:30,42-76/98,bet_result,baccarat,0,0,tablet,LV
2025-06-03 07:38:47,42-71/96,game_start,blackjack,0,0,desktop,EE
2025-06-03 09:12:16,31-44/47,bet_result,roulette,0,0,tablet,LV
2025-06-04 04:04:32,81-17/78,bet_result,blackjack,0,0,mobile,SE
2025-06-03 11:03:47,56-01/72,bet_placed,slots,26,0,desktop,LV
2025-06-03 14:08:06,78-12/47,bet_placed,roulette,173,0,desktop,LV
2025-06-03 09:49:22,54-33/62,bet_result,blackjack,0,0,mobile,EE
2025-06-04 00:00:20,42-78/11,bet_placed,baccarat,197,0,desktop,FI
2025-06-03 20:43:20,05-37/87,bet_result,roulette,0,0,desktop,EE
2025-06-03 15:51:41,69-55/64,bet_result,slots,0,0,desktop,LV
2025-06-03 19:50:10,45-68/67,game_start,roulette,0,0,mobile,FI
2025-06-03 12:13:23,73-78/11,bet_placed,roulette,25,0,tablet,EE
2025-06-03 15:51:32,38-68/23,bet_result,slots,0,0,mobile,EE
2025-06-04 00:40:13,70-01/12,game_end,poker,0,0,mobile,LV
2025-06-04 04:33:40,46-04/27,game_end,baccarat,0,0,mobile,LV
2025-06-03 18:49:35,77-75/10,bet_placed,roulette,54,0,desktop,FI
2025-06-03 20:44:57,95-92/56,bet_placed,slots,168,0,mobile,LT
2025-06-04 00:28:43,96-93/09,game_end,roulette,0,0,tablet,FI
2025-06-03 17:45:21,67-54/54,game_end,slots,0,0,desktop,SE
2025-06-03 20:07:56,51-67/87,game_start,slots,0,0,desktop,LV
2025-06-03 11:52:35,04-98/20,game_start,baccarat,0,0,desktop,FI
2025-06-03 12:47:18,09-11/31,bet_result,blackjack,0,0,desktop,LV
2025-06-03 17:03:01,63-24/30,game_start,slots,0,0,desktop,FI
2025-06-03 19:35:29,38-91/45,game_end,blackjack,0,0,desktop,FI
2025-06-03 13:06:42,12-81/72,bet_placed,slots,65,0,tablet,LV
2025-06-03 21:39:08,06-96/20,game_start,blackjack,0,0,desktop,FI
2025-06-03 07:17:18,92-19/97,game_end,roulette,0,0,desktop,SE
2025-06-03 07:30:45,66-32/90,game_start,slots,0,0,mobile,SE
2025-06-04 00:40:46,35-19/21,game_start,roulette,0,0,tablet,LV
2025-06-04 00:24:42,62-37/38,game_start,baccarat,0,0,desktop,LT
2025-06-03 10:44:59,07-02/41,game_start,blackjack,0,0,mobile,LT
2025-06-03 10:47:31,21-41/90,game_end,blackjack,0,0,mobile,FI
2025-06-03 10:03:25,55-14/78,game_start,blackjack,0,0,mobile,LT
2025-06-03 17:07:58,26-47/98,bet_placed,baccarat,11,0,tablet,EE
2025-06-03 17:38:52,86-49/74,bet_result,baccarat,0,0,mobile,FI
2025-06-03 11:38:26,93-00/93,bet_result,blackjack,0,0,desktop,LT
2025-06-03 22:56:00,15-14/60,game_end,slots,0,0,desktop,LV
2025-06-03 20:54:25,21-63/51,bet_placed,slots,26,0,mobile,EE
2025-06-03 08:36:36,88-63/08,bet_result,slots,0,0,tablet,EE
2025-06-04 00:27:14,30-43/69,game_end,baccarat,0,0,mobile,LT
2025-06-04 02:21:46,04-12/24,game_end,slots,0,0,mobile,FI
2025-06-03 15:43:03,98-21/72,bet_result,poker,0,0,tablet,LT
2025-06-03 18:45:59,63-95/86,game_start,roulette,0,0,desktop,LV
2025-06-04 04:40:11,84-14/90,bet_result,blackjack,0,0,tablet,FI
2025-06-03 08:07:37,10-76/58,game_end,roulette,0,0,mobile,LV
2025-06-04 02:21:00,64-14/21,game_start,slots,0,0,tablet,LV
2025-06-03 23:14:22,46-06/66,bet_result,slots,0,0,mobile,SE
2025-06-03 13:57:18,53-29/48,bet_result,baccarat,0,0,desktop,SE
2025-06-03 11:49:00,01-73/94,game_end,poker,0,0,tablet,EE
2025-06-03 13:18:14,71-93/75,game_end,blackjack,0,0,tablet,EE
2025-06-03 22:13:32,68-39/38,bet_placed,baccarat,82,0,mobile,SE
2025-06-04 04:58:21,66-78/78,game_start,baccarat,0,0,mobile,EE
2025-06-03 17:55:06,23-57/00,game_end,poker,0,0,mobile,SE
2025-06-04 04:02:33,60-95/08,bet_placed,baccarat,30,0,mobile,LT
2025-06-03 07:44:51,19-42/41,game_end,blackjack,0,0,mobile,FI
2025-06-03 18:03:09,09-50/16,bet_result,baccarat,0,0,desktop,SE
2025-06-03 23:59:34,60-71/59,game_end,slots,0,0,desktop,LV
2025-06-03 15:33:01,12-46/71,bet_result,blackjack,0,0,mobile,EE
2025-06-03 11:49:45,72-96/33,game_start,roulette,0,0,desktop,LV
2025-06-04 03:08:54,91-66/31,game_start,slots,0,0,tablet,FI
2025-06-03 16:27:29,07-26/20,game_end,roulette,0,0,desktop,FI
2025-06-03 20:27:15,04-87/01,bet_placed,roulette,143,0,desktop,LT
2025-06-03 13:08:29,73-41/67,bet_result,roulette,0,0,tablet,LV
2025-06-03 13:29:00,30-75/45,bet_result,baccarat,0,0,desktop,LV
2025-06-03 08:17:11,67-32/62,bet_placed,roulette,93,0,mobile,LV
2025-06-03 21:03:05,86-69/62,game_start,baccarat,0,0,desktop,LT
2025-06-03 14:31:07,17-52/06,bet_result,blackjack,0,0,tablet,LV
2025-06-04 00:56:58,80-57/01,bet_result,blackjack,0,0,desktop,LT
2025-06-03 05:39:43,43-13/15,game_start,poker,0,0,tablet,SE
2025-06-03 07:44:02,72-48/44,bet_result,slots,0,0,desktop,EE
2025-06-04 01:55:17,44-78/20,game_end,roulette,0,0,tablet,LT
2025-06-03 09:48:29,57-53/28,game_start,baccarat,0,0,tablet,FI
2025-06-04 03:42:31,59-64/25,bet_placed,baccarat,100,0,tablet,LV
2025-06-03 21:45:52,10-68/63,game_end,roulette,0,0,tablet,FI
2025-06-03 06:13:04,58-30/64,bet_result,poker,0,0,tablet,LT
2025-06-03 07:02:20,17-03/01,bet_result,blackjack,0,0,mobile,SE
2025-06-03 11:21:00,14-55/60,game_end,baccarat,0,0,desktop,LT
2025-06-03 08:05:57,40-84/08,game_end,baccarat,0,0,tablet,SE
2025-06-03 09:57:32,62-77/68,game_start,roulette,0,0,mobile,EE
2025-06-03 08:26:33,66-40/53,game_end,blackjack,0,0,desktop,SE
2025-06-03 17:09:07,61-23/58,bet_result,poker,0,0,mobile,LT
2025-06-03 16:41:36,31-43/29,bet_placed,poker,68,0,desktop,LV
2025-06-04 03:29:49,57-06/04,bet_result,blackjack,0,0,mobile,LV
2025-06-03 09:10:52,11-34/12,bet_placed,roulette,115,0,desktop,SE
2025-06-03 23:35:04,61-59/97,bet_result,poker,0,0,tablet,LT
2025-06-03 14:56:32,47-08/38,game_end,baccarat,0,0,tablet,LV
2025-06-03 14:45:03,93-38/82,game_start,roulette,0,0,desktop,EE
2025-06-03 09:17:44,71-67/60,game_end,poker,0,0,tablet,LV
2025-06-03 20:09:45,31-72/76,game_end,roulette,0,0,tablet,SE
2025-06-03 21:59:24,96-48/96,game_end,roulette,0,0,desktop,FI
2025-06-03 09:00:10,28-72/30,game_end,blackjack,0,0,mobile,FI
2025-06-03 21:56:34,20-63/60,game_start,blackjack,0,0,tablet,LT
2025-06-04 00:20:53,02-12/73,game_end,blackjack,0,0,desktop,EE
2025-06-03 21:20:50,97-55/52,bet_placed,baccarat,100,0,mobile,EE
2025-06-03 19:01:47,07-85/10,game_start,baccarat,0,0,mobile,LT
2025-06-03 07:08:30,49-43/51,bet_placed,baccarat,123,0,mobile,LV
2025-06-03 20:34:57,18-56/20,bet_result,roulette,0,0,tablet,EE
2025-06-03 22:02:43,30-45/09,bet_result,baccarat,0,0,tablet,LT
2025-06-03 16:30:57,45-95/01,bet_result,slots,0,0,desktop,EE
2025-06-04 04:58:57,84-32/55,bet_result,baccarat,0,0,tablet,FI
2025-06-04 03:27:18,64-33/51,bet_placed,poker,63,0,tablet,LV
2025-06-04 00:27:01,97-07/36,game_start,baccarat,0,0,mobile,LT
2025-06-03 05:40:24,75-33/67,game_start,poker,0,0,desktop,FI
2025-06-03 14:38:12,79-50/14,bet_placed,slots,83,0,tablet,LT
2025-06-03 18:33:22,60-35/02,bet_placed,roulette,125,0,desktop,EE
2025-06-03 12:52:50,41-65/08,bet_placed,baccarat,72,0,desktop,FI
2025-06-04 04:25:01,42-42/76,bet_result,blackjack,0,0,mobile,LV
2025-06-04 02:26:26,03-95/89,bet_placed,slots,191,0,mobile,SE
2025-06-03 22:57:53,37-13/88,bet_placed,blackjack,159,0,tablet,EE
2025-06-03 06:49:00,57-48/62,bet_placed,blackjack,144,0,mobile,EE
2025-06-03 23:38:05,40-56/28,game_start,blackjack,0,0,tablet,EE
2025-06-03 20:41:44,51-76/06,game_start,poker,0,0,desktop,LT
2025-06-03 20:22:28,99-99/20,bet_placed,poker,40,0,mobile,LT
2025-06-03 19:03:39,66-47/84,game_start,roulette,0,0,desktop,EE
2025-06-04 02:13:05,21-11/73,bet_result,poker,0,0,mobile,SE
2025-06-03 09:15:59,01-15/26,game_start,poker,0,0,tablet,LV
2025-06-03 17:44:08,77-22/45,bet_placed,baccarat,148,0,desktop,LV
2025-06-03 15:43:56,79-78/26,bet_result,baccarat,0,0,desktop,EE
2025-06-03 18:12:01,04-35/69,bet_result,slots,0,0,tablet,LT
2025-06-03 16:16:16,63-76/15,game_start,roulette,0,0,desktop,LV
2025-06-03 19:10:07,40-20/17,bet_result,slots,0,0,desktop,LT
2025-06-03 12:43:53,42-12/64,bet_placed,poker,78,0,mobile,SE
2025-06-03 20:57:56,52-45/41,bet_result,slots,0,0,tablet,LT
2025-06-04 00:21:09,36-64/19,bet_result,poker,0,0,tablet,LT
2025-06-03 15:37:26,22-21/67,game_end,slots,0,0,tablet,LV
2025-06-04 04:46:13,73-87/74,game_start,slots,0,0,tablet,LV
2025-06-03 11:33:42,87-87/06,game_end,roulette,0,0,mobile,SE
2025-06-04 01:24:13,12-07/49,game_end,baccarat,0,0,mobile,EE
2025-06-03 15:14:57,62-68/73,game_start,slots,0,0,tablet,LT
2025-06-03 14:03:27,42-47/02,game_end,baccarat,0,0,mobile,FI
2025-06-03 22:59:43,65-64/61,bet_placed,baccarat,86,0,mobile,LV
2025-06-03 06:04:32,80-60/90,bet_placed,blackjack,103,0,tablet,EE
2025-06-03 05:57:07,10-69/63,bet_placed,slots,20,0,mobile,LT
2025-06-03 21:27:14,30-32/94,bet_result,roulette,0,0,mobile,EE
2025-06-03 23:33:45,20-90/16,game_start,poker,0,0,mobile,LV
2025-06-03 15:58:44,91-09/07,game_end,blackjack,0,0,mobile,EE
2025-06-04 02:02:35,08-27/03,bet_placed,roulette,82,0,desktop,LV
2025-06-03 11:17:15,50-92/88,bet_result,roulette,0,0,mobile,LT
2025-06-03 14:44:31,81-81/42,bet_result,baccarat,0,0,mobile,LV
2025-06-03 18:02:07,28-17/05,bet_result,baccarat,0,0,tablet,FI
2025-06-03 06:19:03,80-88/99,bet_placed,blackjack,96,0,desktop,EE
2025-06-03 13:09:42,12-39/77,bet_result,blackjack,0,0,mobile,EE
2025-06-03 12:04:59,43-39/97,game_start,baccarat,0,0,desktop,EE
2025-06-03 07:12:01,59-94/72,game_start,slots,0,0,tablet,FI
2025-06-03 12:08:42,50-95/20,game_end,blackjack,0,0,tablet,LT
2025-06-03 05:35:05,49-25/46,bet_placed,baccarat,167,0,desktop,LT
2025-06-03 20:28:07,57-44/66,bet_result,blackjack,0,0,mobile,EE
2025-06-03 21:10:06,93-01/22,bet_placed,roulette,79,0,desktop,SE
2025-06-03 22:18:50,10-19/25,game_start,poker,0,0,tablet,SE
2025-06-03 07:49:59,27-60/61,game_end,blackjack,0,0,desktop,LV
2025-06-04 02:18:29,26-43/38,bet_result,baccarat,0,0,tablet,LT
2025-06-03 08:24:15,80-33/68,game_start,poker,0,0,mobile,FI
2025-06-03 17:32:45,58-76/36,game_start,roulette,0,0,mobile,LT
2025-06-03 21:58:07,70-41/38,bet_placed,roulette,159,0,mobile,EE
2025-06-03 20:00:44,40-20/04,bet_result,slots,0,0,desktop,SE
2025-06-03 08:45:10,79-75/69,bet_placed,roulette,155,0,mobile,EE
2025-06-03 05:47:55,38-98/19,game_start,poker,0,0,tablet,LV
2025-06-03 20:26:38,66-75/43,game_start,roulette,0,0,tablet,LT
2025-06-03 19:51:09,65-80/06,game_start,roulette,0,0,mobile,SE
2025-06-04 01:03:48,33-38/29,game_end,slots,0,0,tablet,LV
2025-06-03 20:29:30,72-17/93,bet_result,blackjack,0,0,mobile,FI
2025-06-03 05:20:25,92-08/02,bet_result,blackjack,0,0,mobile,SE
2025-06-04 02:42:40,59-88/38,game_start,slots,0,0,mobile,LV
2025-06-03 12:19:18,16-54/81,game_start,blackjack,0,0,tablet,LV
2025-06-03 19:50:32,42-10/89,game_end,poker,0,0,mobile,SE
2025-06-03 10:16:01,98-39/25,bet_result,roulette,0,0,desktop,FI
2025-06-03 21:03:47,17-11/61,bet_placed,baccarat,44,0,tablet,LV
2025-06-03 23:19:14,24-15/79,game_end,poker,0,0,tablet,LV
2025-06-03 06:23:46,63-22/07,bet_result,poker,0,0,tablet,LT
2025-06-03 13:28:29,87-18/98,game_start,roulette,0,0,mobile,LT
2025-06-03 07:40:02,97-06/95,bet_result,slots,0,0,tablet,FI
2025-06-03 17:11:27,77-22/52,bet_placed,blackjack,177,0,mobile,FI
2025-06-03 16:35:00,41-77/72,game_start,roulette,0,0,mobile,LT
2025-06-04 01:58:55,35-07/55,bet_placed,blackjack,46,0,tablet,EE
2025-06-03 07:47:22,60-04/41,game_end,poker,0,0,tablet,SE
2025-06-03 15:41:05,55-52/20,bet_placed,blackjack,84,0,mobile,FI
2025-06-03 23:14:57,59-76/68,bet_placed,blackjack,196,0,desktop,LV
2025-06-03 21:52:14,11-37/72,game_end,blackjack,0,0,desktop,SE
2025-06-03 21:42:30,21-02/51,bet_result,slots,0,0,mobile,LV
2025-06-03 07:53:50,10-60/20,bet_result,poker,0,0,desktop,LV
2025-06-03 21:11:39,38-02/15,game_start,slots,0,0,mobile,LT
2025-06-03 15:09:19,87-66/14,game_end,roulette,0,0,desktop,LV
2025-06-04 00:13:39,02-76/68,bet_result,poker,0,0,tablet,LV
2025-06-03 22:09:55,46-34/18,game_end,poker,0,0,tablet,EE
2025-06-03 13:59:07,37-71/13,game_start,roulette,0,0,mobile,EE
2025-06-03 18:22:03,17-16/38,bet_placed,poker,180,0,mobile,LT
2025-06-03 16:27:59,97-25/36,game_end,poker,0,0,tablet,LV
2025-06-04 03:55:02,37-18/95,bet_placed,poker,80,0,tablet,EE
2025-06-03 23:07:14,25-81/78,game_end,poker,0,0,desktop,LT
2025-06-03 19:31:16,02-36/03,bet_result,poker,0,0,desktop,EE
2025-06-03 06:39:53,05-41/40,game_end,poker,0,0,mobile,EE
2025-06-03 17:23:27,82-54/97,bet_placed,slots,195,0,desktop,SE
2025-06-04 02:13:04,29-68/23,game_end,poker,0,0,tablet,EE
2025-06-04 00:39:28,71-03/26,game_start,slots,0,0,desktop,LV
2025-06-04 03:13:02,04-83/22,game_end,baccarat,0,0,desktop,FI
2025-06-03 22:22:22,65-60/91,bet_placed,baccarat,90,0,mobile,SE
2025-06-04 01:11:04,69-76/04,bet_placed,roulette,195,0,tablet,EE
2025-06-03 23:36:51,68-87/94,game_start,slots,0,0,desktop,LV
2025-06-03 20:29:03,15-09/45,game_start,poker,0,0,tablet,LV
2025-06-03 23:20:05,81-28/60,game_start,slots,0,0,tablet,EE
2025-06-03 13:21:40,20-70/64,bet_result,poker,0,0,tablet,SE
2025-06-03 14:47:48,57-01/13,bet_placed,poker,177,0,mobile,LV
2025-06-03 14:36:53,99-50/13,bet_result,poker,0,0,tablet,LV
2025-06-03 18:35:04,41-46/31,bet_result,blackjack,0,0,tablet,FI
2025-06-04 01:17:00,20-44/99,game_end,baccarat,0,0,desktop,LV
2025-06-04 01:05:30,67-95/20,game_start,poker,0,0,mobile,FI
2025-06-03 15:16:03,15-16/73,game_start,blackjack,0,0,desktop,EE
2025-06-03 18:08:35,20-09/39,game_start,blackjack,0,0,desktop,LV
2025-06-03 19:22:16,28-70/79,bet_placed,roulette,88,0,tablet,SE
2025-06-04 00:41:29,17-43/22,game_start,baccarat,0,0,tablet,LV
2025-06-03 21:51:38,24-50/56,game_start,slots,0,0,tablet,EE
2025-06-04 02:39:46,36-13/85,game_end,blackjack,0,0,mobile,LT
2025-06-03 10:58:08,41-26/09,bet_placed,baccarat,159,0,desktop,EE
2025-06-03 05:23:28,35-31/05,bet_result,slots,0,0,desktop,FI
2025-06-03 07:37:19,56-98/20,bet_placed,blackjack,140,0,mobile,LT
2025-06-03 17:47:21,07-12/64,game_end,roulette,0,0,mobile,EE
2025-06-03 05:33:38,81-88/68,bet_result,blackjack,0,0,tablet,EE
2025-06-03 06:23:15,23-40/06,game_end,roulette,0,0,tablet,FI
2025-06-04 02:41:18,83-73/18,game_start,roulette,0,0,mobile,SE
2025-06-03 15:10:47,74-34/29,bet_result,slots,0,0,tablet,LV
2025-06-03 23:18:06,39-68/56,game_start,baccarat,0,0,tablet,SE
2025-06-03 16:45:53,64-77/50,bet_result,baccarat,0,0,mobile,LV
2025-06-03 05:25:10,36-07/90,bet_placed,slots,50,0,desktop,LT
2025-06-03 08:17:25,68-44/78,game_end,roulette,0,0,mobile,LV
2025-06-04 02:05:24,31-66/02,bet_placed,baccarat,64,0,tablet,LV
2025-06-03 13:18:29,74-52/24,bet_placed,poker,73,0,tablet,LT
2025-06-03 12:14:29,51-93/30,game_start,baccarat,0,0,tablet,SE
2025-06-04 01:37:51,22-72/71,bet_result,blackjack,0,0,mobile,LV
2025-06-03 18:16:23,06-72/26,bet_placed,poker,115,0,desktop,SE
2025-06-03 16:16:05,86-28/15,bet_placed,poker,19,0,desktop,EE
2025-06-04 01:01:05,53-20/74,game_start,baccarat,0,0,desktop,LT
2025-06-04 04:55:46,16-27/81,bet_result,roulette,0,0,desktop,EE
2025-06-04 03:45:22,79-78/74,game_start,blackjack,0,0,desktop,FI
2025-06-03 05:45:35,80-30/56,game_start,poker,0,0,mobile,SE
2025-06-03 07:10:33,51-59/97,game_end,poker,0,0,tablet,LT
2025-06-04 02:20:08,15-62/65,game_end,baccarat,0,0,tablet,EE
2025-06-04 03:53:21,56-56/86,game_start,blackjack,0,0,desktop,FI
2025-06-03 19:10:34,93-52/01,bet_result,roulette,0,0,tablet,SE
2025-06-03 15:05:02,24-49/63,game_start,slots,0,0,tablet,EE
2025-06-03 21:11:45,80-94/13,game_start,baccarat,0,0,mobile,EE
2025-06-03 07:09:24,42-14/10,bet_placed,baccarat,42,0,desktop,SE
2025-06-03 18:10:48,36-31/82,bet_result,baccarat,0,0,mobile,SE
2025-06-03 06:34:56,96-91/18,game_start,baccarat,0,0,tablet,FI
2025-06-03 09:28:33,61-62/25,game_end,baccarat,0,0,mobile,EE
2025-06-03 23:21:23,05-23/89,bet_result,slots,0,0,tablet,FI
2025-06-04 04:22:59,85-45/93,game_end,poker,0,0,mobile,SE
2025-06-03 19:41:20,58-91/92,bet_result,roulette,0,0,desktop,FI
2025-06-04 01:23:20,84-08/87,bet_result,slots,0,0,mobile,LV
2025-06-03 06:22:15,11-21/84,bet_result,baccarat,0,0,tablet,LT
2025-06-03 19:41:31,51-15/59,game_end,slots,0,0,tablet,FI
2025-06-04 03:51:14,15-12/10,bet_result,poker,0,0,tablet,LT
2025-06-03 05:35:56,16-17/54,game_end,poker,0,0,tablet,FI
2025-06-03 05:57:25,47-88/61,bet_placed,baccarat,19,0,desktop,LT
2025-06-03 05:36:27,06-81/74,game_end,poker,0,0,tablet,LV
2025-06-03 13:36:38,18-25/47,game_end,slots,0,0,tablet,LT
